Bin,Frequency
-4.885811757,1
-2.348889432,5
0.188032894,10
2.724955219,7
5.261877544,2
More,2
